,ROE－綜合損益,ROE－綜合損益,ROE－綜合損益,ROE－綜合損益
公司,6/28/2024,3/29/2024,12/29/2023,9/28/2023
1101 台泥,7.12,3.15,3.04,4.32
1102 亞泥,8.62,5.07,7.33,8.19
1103 嘉泥,0.25,-3.88,2.6,0.9
1104 環泥,8.12,3.88,9.82,10.25
1108 幸福,5.21,2.33,9.8,8.52
1109 信大,4.44,1.91,7.3,5.89
1110 東泥,3.41,1.38,4.01,3.55
1201 味全,5.18,3.4,2.49,3.96
1203 味王,5.99,2.97,11.03,7.51
1210 大成,8.82,5.57,14.78,13.4
1213 大飲,-11.45,-11.41,-46.77,-30.52
1215 卜蜂,11.13,1.98,18,13.01
1216 統一,11.95,6.24,14.56,14.68
1217 愛之味,10.35,4.73,3.39,3.08
1218 泰山,3.14,1.32,-1.68,-2.62
1219 福壽,1.56,0.76,7.26,5.71
1220 台榮,5.36,2.27,6.41,3.64
1225 福懋油,6.07,2.18,10.47,6.83
1227 佳格,6.38,4.12,5.7,5.69
1229 聯華,7.47,9.72,23.4,17.3
1231 聯華食,8.78,4.97,17.65,9.47
1232 大統益,13.71,5.19,23.22,17.37
1233 天仁,3.52,-1.89,5.2,3.34
1234 黑松,2.33,0.98,5.53,4.21
1235 興泰,63.4,31,21.21,16.83
1236 宏亞,6.41,-2.42,-7.35,-7.87
1256 鮮活果汁-KY,6.71,3.07,9.55,11.81
1301 台塑,0.04,-1.05,4.66,5.31
1303 南亞,4.06,2.3,2.74,4.01
1304 台聚,-0.76,-0.3,-4.19,-0.56
1305 華夏,0.57,-0.36,3.52,4.22
1307 三芳,12.02,7.83,8.94,11.07
1308 亞聚,-3.35,-2.99,-1.16,1.23
1309 台達化,-1.64,-1.07,-5.22,-2.04
1310 台苯,1.74,0.62,8.02,-0.15
1312 國喬,1.58,0.95,-5.33,-2.02
1313 聯成,0.54,3.79,14.68,14.71
1314 中石化,1.15,0.72,-0.95,-2.24
1315 達新,-1.23,-1.38,5.25,4.52
1316 上曜,0.9,-0.04,-2.64,-1.75
1319 東陽,9.15,5.11,12.76,10.58
1321 大洋,1.58,0.98,4.63,5.04
1323 永裕,6.45,4.15,5.38,6.04
1324 地球,0.73,0.43,3.38,3.53
1325 恒大,0.9,0.71,0.81,1.83
1326 台化,-2.45,-2.23,4.77,3.74
1337 再生-KY,-1.58,-0.34,-10.65,-6.25
1338 廣華-KY,2.1,1.89,-2.18,0.05
1339 昭輝,5.7,3.7,11.42,8.55
1340 勝悅-KY,-3.77,-0.38,-22.09,-6.99
1341 富林-KY,11.38,7.09,15.33,15.42
1342 八貫,11.92,5.84,24.93,19.38
1402 遠東新,5.16,2.64,7.08,6.67
1409 新纖,3.68,0.72,6.35,5.08
1410 南染,1.79,1.23,1.24,1.64
1413 宏洲,-2.63,-1.32,-11.43,-9.31
1414 東和,3.14,1.93,3.22,1.79
1416 廣豐,13.8,6.41,-0.42,1.31
1417 嘉裕,-0.91,1.21,-1.72,1.05
1418 東華,-4.81,-2.8,3.34,-6.29
1419 新紡,13.88,7.31,14.87,9.51
1423 利華,10.69,3.41,9.75,6.2
1432 大魯閣,-1.79,-1.45,4.72,6.87
1434 福懋,-9.97,-7.14,2.02,2.42
1435 中福,-5.54,-0.47,27.94,-3.54
1436 華友聯,15.11,-1,26.16,-0.94
1437 勤益控,8.02,3.86,8.19,6.05
1438 三地開發,-2.46,-0.55,-3.36,-1.93
1439 雋揚,5.06,2.87,11.04,6.24
1440 南紡,2.91,0.38,8.68,0.24
1441 大東,33.86,-7.8,-64.27,-42.31
1442 名軒,19.26,7.03,26.15,4.44
1443 立益物流,4.41,0.64,18.43,11.5
1444 力麗,2.67,1.33,-1.47,1.54
1445 大宇,0.48,-0.61,49.63,7.68
1446 宏和,32.81,17.52,7.31,-2.04
1447 力鵬,1.77,-0.33,-2.8,0.26
1449 佳和,5.18,-0.57,5.92,5.51
1451 年興,5.29,1.42,-3.85,-1.45
1452 宏益,5.86,1.75,5.22,2.14
1453 大將,1.98,1.13,4.29,0.31
1454 台富,1.57,1.51,1.95,2.44
1455 集盛,2.31,1.12,-3.57,-4.29
1456 怡華,-5.72,-2.87,0.34,3.39
1457 宜進,-0.1,-0.71,12.14,-1.53
1459 聯發,7.5,0.62,-0.89,-0.37
1460 宏遠,-0.81,1.01,-18.37,-7.89
1463 強盛新,0.94,1.19,5.21,5
1464 得力,7.48,4.46,1.34,4.5
1465 偉全,3.55,2.28,3.44,4.88
1466 聚隆,-0.81,-1.21,-10.02,-9.19
1467 南緯,4.71,2.89,-10.09,-5.03
1468 昶和,10.83,4.25,2.74,6.78
1470 大統新創,5.63,3.25,5.2,5.2
1471 首利,1.85,1.44,-5.36,-3.14
1472 三洋實業,4.12,3.23,12.78,8.35
1473 台南,11.85,8.09,8.48,10.14
1474 弘裕,6.51,5.09,-2.74,-3.74
1475 業旺,19.92,8.71,24.47,20.76
1476 儒鴻,13.53,6.68,20.44,16.34
1477 聚陽,15.1,9.05,25.58,21.71
1503 士電,24.76,19.91,18.02,16.32
1504 東元,2.15,-1.21,4.43,2.97
1506 正道,-0.77,-1.6,2.58,1.75
1512 瑞利,-4.97,-6.29,-1.89,0.99
1513 中興電,23.11,16,19.15,12.88
1514 亞力,9.84,5.37,14.65,11.6
1515 力山,9.54,6.98,8.54,4.53
1516 川飛,6.13,3.91,2.93,3.94
1517 利奇,0.7,0.81,-3.75,-1.27
1519 華城,24.75,10.81,48.47,30.75
1521 大億,3.77,1.8,1.85,5.27
1522 堤維西,13.68,7.49,10.8,9.5
1524 耿鼎,9.8,7.2,12.91,11.33
1525 江申,4.78,2.53,6.78,7.24
1526 日馳,0.96,0.29,3.52,5.75
1527 鑽全,5.92,3.16,7.71,6.98
1528 恩德,-2.09,-1.84,0.62,2.73
1529 樂事綠能,1.57,-0.9,8.29,4.97
1530 亞崴,2.61,0.94,5.15,5.53
1531 高林股,3.04,2.03,-0.25,2.01
1532 勤美,10.62,4.48,6.53,5.72
1533 車王電,-6.08,-3.19,-7.62,-4.14
1535 中宇,6.35,2.82,14.53,11.07
1536 和大,2.41,1.56,3.58,4.62
1537 廣隆,15.09,7.46,14.38,14.21
1538 正峰,-6.78,-2.73,-26.32,-16.61
1539 巨庭,4.29,2.61,3.91,3.76
1540 喬福,8.75,3.86,7.83,6.59
1541 錩泰,6.17,4.26,6.02,5.58
1558 伸興,7,3.8,6.32,6.37
1560 中砂,7.62,3.98,13.9,10.43
1563 巧新,4.79,3.24,8.12,6.11
1568 倉佑,5.81,4.34,17.55,17.05
1582 信錦,12.47,6.95,8.32,9.94
1583 程泰,5.28,0.97,10.66,8.4
1587 吉茂,-0.16,3.2,3.07,5.26
1589 永冠-KY,-6.7,-4.69,-4.59,1.72
1590 亞德客-KY,11.66,5.92,15.58,13.29
1597 直得,3.21,2.16,3.98,5.05
1598 岱宇,0.68,2.27,-2.57,-0.93
1603 華電,8.17,3.72,10.47,6.75
1604 聲寶,7.45,4.81,7.77,7.83
1605 華新,4.73,3.41,8.73,10.79
1608 華榮,6.36,3.35,11.02,7.99
1609 大亞,10.48,3.28,22.97,20.54
1611 中電,4.07,1.72,5.11,4.15
1612 宏泰,7.71,4.41,12.56,8.69
1614 三洋電,2.46,0.73,5.59,4.24
1615 大山,16.19,7.5,22.32,16.8
1616 億泰,1.24,1.82,12.65,7.35
1617 榮星,4.42,2.24,-1.41,3.1
1618 合機,20.29,10.86,18.5,12.65
1626 艾美特-KY,5.32,2.64,-1.47,2.57
1702 南僑,8.52,5.08,7.86,5.96
1707 葡萄王,8.07,3.47,18.59,13.05
1708 東鹼,11.31,5.88,-0.27,1.51
1709 和益,15.93,5.96,6.38,6.79
1710 東聯,2.66,2.29,-3.82,1.82
1711 永光,1.8,1.06,1.06,1.21
1712 興農,7.21,4.47,12.59,10.22
1713 國化,17.92,2.16,15.21,12.89
1714 和桐,5.61,4.35,2.69,4.95
1717 長興,10.16,6.88,4.05,6.68
1718 中纖,4.35,2.49,7.33,4.8
1720 生達,13.43,6.2,16.86,13.15
1721 三晃,-5.75,-3.84,-12.07,-9.31
1722 台肥,2.69,1.61,7.66,7.59
1723 中碳,6.13,2.04,17.02,13
1725 元禎,15.37,5.28,13.42,7.92
1726 永記,6.36,4.29,8.08,7.36
1727 中華化,1.4,-0.03,3.66,4.18
1730 花仙子,7.29,3.22,12.94,10.38
1731 美吾華,6.43,3.72,9.18,8.11
1732 毛寶,2.59,1.39,-1.12,0.17
1733 五鼎,3.28,1.73,6.58,5.72
1734 杏輝,5.43,3.6,10.07,7.19
1735 日勝化,4.82,3.03,3.84,3.68
1736 喬山,3.7,0.82,3.65,1.92
1737 臺鹽,2.62,1.31,2.83,3.6
1752 南光,4.25,2.37,8.28,9.67
1760 寶齡富錦,3.76,2.63,3.85,2.71
1762 中化生,1.77,0.88,7.89,6.7
1773 勝一,10.43,4.68,18.72,14.34
1776 展宇,4.08,2.93,1.92,1.99
1783 和康生,3.73,-1.04,7.46,7.87
1786 科妍,7.19,3.27,11.37,8.95
1789 神隆,2.36,1.54,1.91,0.74
1795 美時,12.33,5.67,27.34,24.74
1802 台玻,3.94,3.35,-1.86,0.48
1805 寶徠,7.85,2.74,-16.6,-8.73
1806 冠軍,1.12,0.63,0.01,0.35
1808 潤隆,16.15,2.6,79.42,70.43
1809 中釉,1.91,1.59,-2.26,-0.58
1810 和成,2.29,1.42,4.31,3.22
1817 凱撒衛,8.3,4.63,8.76,6.82
1903 士紙,25.31,-10.41,-18.23,-23.81
1904 正隆,2.99,1.84,5.6,4.05
1905 華紙,5.69,3.77,-1.78,-2.4
1906 寶隆,-6.34,0.71,-9.88,-9.8
1907 永豐餘,13.5,6.51,7.59,4.4
1909 榮成,1.04,0.92,-7.1,-6.42
2002 中鋼,2.32,1.29,2.04,1.32
2006 東和鋼鐵,7.62,3.99,15.83,12.03
2007 燁興,-9.21,-3.87,-15.38,-10.65
2008 高興昌,4.7,-1.39,29.77,23.61
2009 第一銅,46.06,25.56,30.52,28.83
2010 春源,5.07,2.98,7.41,5.43
2012 春雨,5.95,2.73,7.32,6.39
2013 中鋼構,3.21,0.9,8.85,4.57
2014 中鴻,-4.82,-2.36,-1.61,-3.28
2015 豐興,6.43,2.65,11.34,8.1
2017 官田鋼,9.85,7.42,5.3,4.97
2020 美亞,17.26,11.32,29.9,19.13
2022 聚亨,-3.1,-0.66,2.65,0.46
2023 燁輝,1.14,1.34,-4.21,-0.01
2024 志聯,0.5,0.07,-4.78,-3.38
2025 千興,-3.09,-4.39,14.98,21.38
2027 大成鋼,8.31,5.43,7.89,12.09
2028 威致,6.45,3.16,9.64,6.59
2029 盛餘,3.27,1.68,5.75,4.63
2030 彰源,5.22,2.01,0.31,2.92
2031 新光鋼,22.27,12.34,21.46,14.74
2032 新鋼,2.45,1,-1.3,-0.72
2033 佳大,0.63,0.37,0.07,-0.73
2034 允強,8.14,6.29,-13.84,-9.66
2038 海光,4.7,0.71,0.64,0.69
2049 上銀,3.36,1.64,5.68,4.96
2059 川湖,16.78,8.27,16.86,13.87
2062 橋椿,7.99,4.58,3.43,4.36
2069 運錩,3.17,-0.82,-5.42,-4.74
2101 南港,7.33,1.91,0.44,1.3
2102 泰豐,-2.03,-1.1,57.33,66.13
2103 台橡,7.29,4.63,8.49,10.88
2104 國際中橡,-1.08,1.31,-0.81,2.45
2105 正新,7.31,4.01,7.23,6.99
2106 建大,9.64,6.38,3.32,5.8
2107 厚生,11.61,4.41,10.57,7.8
2108 南帝,5.21,3.15,6.13,7.18
2109 華豐,6.69,3.73,11.89,8.13
2114 鑫永銓,6.4,3.11,15.4,11.44
2115 六暉-KY,6.45,3.89,3.93,5.57
2201 裕隆,5.8,3.23,9.97,9.56
2204 中華,7.77,3.99,14.88,12.27
2206 三陽工業,12.73,6.52,28.67,25.13
2207 和泰車,16.31,11.85,33.7,29.47
2208 台船,-5.66,-3.43,-50.12,-44.96
2211 長榮鋼,13.77,3.84,20.6,15.72
2227 裕日車,9.95,6.75,3.66,6.12
2228 劍麟,10.98,7.56,11.8,9.1
2231 為升,3.16,2.84,6,7.51
2233 宇隆,12.48,6.71,14.14,12.13
2236 百達-KY,2.69,2.92,8.53,8.48
2239 英利-KY,3.68,2.56,-0.59,0.54
2241 艾姆勒,-4.94,-2.11,-15.59,-11.83
2243 宏旭-KY,8.76,5.91,-26.18,-9.05
2247 汎德永業,7.71,3.43,14.31,11.32
2250 IKKA-KY,5.29,2.89,5.9,5.62
2301 光寶科,10.25,5.96,16.63,16.31
2302 麗正,3.29,1.6,3.29,3.4
2303 聯電,9.37,4.98,19.53,17.06
2305 全友,3.84,2.48,0.25,2.16
2308 台達電,11.48,5.61,16.33,15.47
2312 金寶,4.82,2.96,10.55,11.13
2313 華通,8.21,4.8,9.63,8
2314 台揚,-18.66,-7.93,-30.17,-17.19
2316 楠梓電,5.61,2.77,10.16,2.1
2317 鴻海,7.62,4.59,7.22,7.03
2321 東訊,-0.71,-2.84,2.23,0.69
2323 中環,6.88,-0.65,10.9,6.82
2324 仁寶,9.63,4.75,7.71,8.72
2327 國巨,12.34,7.45,13.2,14.84
2328 廣宇,6.02,3.2,9.2,8.34
2329 華泰,6.49,6.09,20.44,15.01
2330 台積電,14.45,7.46,25.73,19.83
2331 精英,9.11,8.41,8.06,7.09
2332 友訊,3,1.08,4.83,6.31
2337 旺宏,-2.65,-1.09,-1.88,-0.54
2338 光罩,5.72,11.62,3.25,1.63
2340 台亞,-1.61,-1.47,3.27,4.73
2342 茂矽,0.66,-0.45,-7.04,-2.28
2344 華邦電,-0.7,-1.15,-1.25,-2.69
2345 智邦,27.87,18.46,39.2,31.65
2347 聯強,9.14,5.11,7.6,5.56
2348 海悅,18.88,11.75,26.19,12.58
2349 錸德,1.67,1.72,-2.97,-1.02
2351 順德,6.76,3.22,10.78,9.87
2352 佳世達,4.76,3.09,9.84,9.96
2353 宏碁,6.77,5.12,18.33,19.41
2354 鴻準,4.32,2.04,4.19,3.33
2355 敬鵬,5.52,2.77,3.67,3.69
2356 英業達,9.61,6.97,11.46,10.83
2357 華碩,12.35,8.17,16.94,14.2
2358 廷鑫,,,,-24.96
2359 所羅門,1.46,0.65,9.65,10.04
2360 致茂,12.44,5.6,18,15.95
2362 藍天,9.11,6.59,0.65,4.39
2363 矽統,3.36,-1.11,25.38,15.47
2364 倫飛,16.15,6.83,27.19,24.06
2365 昆盈,4.77,2.05,2.92,3.69
2367 燿華,10.47,4.87,-6.79,-2.86
2368 金像電,17.89,9.1,21.38,17.19
2369 菱生,0.47,-1.67,-2.69,-1.74
2371 大同,-0.17,1.26,5.86,4.65
2373 震旦行,8.17,3.84,11.28,9.78
2374 佳能,8.69,2.56,4.23,4.42
2375 凱美,4.47,1.55,3.48,5
2376 技嘉,14.79,5.78,13.27,10.14
2377 微星,9.86,5.6,14.93,14
2379 瑞昱,24.21,11.92,20.93,21.41
2380 虹光,-4.15,1.85,-43.21,-36.24
2382 廣達,18.03,9.55,22.15,19.77
2383 台光電,17.98,8.99,21.18,15.31
2385 群光,16.05,7.3,20.64,17.34
2387 精元,7.79,3.39,9.98,9.23
2388 威盛,5.33,3.92,2.63,4.32
2390 云辰,-3.57,-5.2,-3.51,-0.63
2392 正崴,5.36,3.45,3.67,3.63
2393 億光,9.37,4.79,7.03,6.94
2395 研華,9.41,4.42,25.44,21.51
2397 友通,3.44,1.69,7.4,5.78
2399 映泰,2.06,1.7,-4.64,0.95
2401 凌陽,4.23,2.71,-1.19,0.36
2402 毅嘉,9.06,5.42,5.85,7.35
2404 漢唐,20.74,12.49,40.92,35.52
2405 輔信,2.57,1.86,1.56,1.96
2406 國碩,-1.61,-0.4,-14.67,-7.65
2408 南亞科,0.49,0.53,-4.28,-1.33
2409 友達,-1.11,-1.29,-10.69,-8.53
2412 中華電,5.21,2.59,9.8,7.72
2413 環科,-0.87,1.02,2.23,6.03
2414 精技,5.35,2.44,9.86,8.12
2415 錩新,4.21,4.1,-1.53,2.12
2417 圓剛,1.3,0.51,2.8,3.09
2419 仲琦,3.3,2.14,3.25,4.82
2420 新巨,10.69,5.64,14.43,12.55
2421 建準,11.73,6.08,20.8,19
2423 固緯,6.29,4.13,14.8,11.05
2424 隴華,-44.02,-22.48,-67.7,-54.42
2425 承啟,8.21,2.52,12.4,13.29
2426 鼎元,3.33,-0.17,-3.22,-2.77
2427 三商電,5.57,3.63,12.45,8.28
2428 興勤,12.01,6.42,13.01,12.21
2429 銘旺科,-18.29,-5.15,-17.5,-12.14
2430 燦坤,2.01,1.16,6.33,4.53
2431 聯昌,-0.25,0.41,-7.08,-2.24
2433 互盛電,5.21,1.08,8.88,7.41
2434 統懋,5.79,10.52,-7.73,-6.46
2436 偉詮電,6.68,2.98,8.21,6.48
2438 翔耀,-9.92,-8.71,-10.59,-4.07
2439 美律,8.86,4.84,9.4,7.73
2440 太空梭,5.26,3.92,-12.36,-5.43
2441 超豐,8.29,5.53,12.86,8.71
2442 新美齊,5.58,3.86,10.11,5.44
2443 昶虹,,,,6.55
2444 兆勁,-1.03,0.75,-1.31,0.76
2449 京元電子,10.99,5.1,18.84,14.77
2450 神腦,4.09,2.61,10.56,8.94
2451 創見,9.55,5,10.93,7.97
2453 凌群,7.28,3.91,13.55,9.61
2454 聯發科,16.78,13.02,20.55,17.09
2455 全新,12.86,6.1,13.4,8.73
2457 飛宏,5.02,3.59,2.88,7.76
2458 義隆,13.61,6.66,22.32,16.1
2459 敦吉,9.24,5.07,9.39,9.8
2460 建通,0.29,-0.88,-9.4,-4.38
2461 光群雷,7.47,0.99,-3.34,0.85
2462 良得電,7.68,4.3,8.25,10.37
2464 盟立,3.46,2.29,4.66,1.85
2465 麗臺,-22.79,-7.88,-22.16,-37.28
2466 冠西電,-2.17,0.79,0.72,1.59
2467 志聖,41.24,21.9,26.89,20.11
2468 華經,2.97,1.76,6.37,4.81
2471 資通,6.19,1,19.27,15.15
2472 立隆電,9.89,5.02,10.18,8.96
2474 可成,7.81,5.27,5.39,6.14
2476 鉅祥,10.67,5.13,11.2,9.61
2477 美隆電,7.39,4.27,0.01,4.46
2478 大毅,5.21,2.93,4.73,5.12
2480 敦陽科,14.73,7.48,25.34,20.03
2481 強茂,6.43,3.27,6.65,7.7
2482 連宇,3.67,2.73,24.37,24.2
2483 百容,2.56,1.52,1.07,3.28
2484 希華,-4.23,0.01,8.23,2.54
2485 兆赫,-2.87,-1.48,-4.97,-0.54
2486 一詮,1.71,0.7,3.77,3.43
2488 漢平,9.13,4.06,13.98,13.04
2489 瑞軒,7.47,5.41,3.57,4.43
2491 吉祥全,1.29,1.39,4.31,0.69
2492 華新科,6.89,3.95,7.65,8.94
2493 揚博,12.37,6.06,24.05,19.38
2495 普安,6.58,2.92,5.76,5.83
2496 卓越,6.29,3.47,12.4,8.54
2497 怡利電,7.22,2.77,10.58,8.61
2498 宏達電,-0.81,1.68,-11.95,-4.85
2501 國建,6.19,2.45,8.8,3.36
2504 國產,11.87,3.58,14.65,10.78
2505 國揚,2.66,1.07,5.96,3.17
2506 太設,1.29,-2.91,-2.23,2.92
2509 全坤建,4.25,1.44,-4.64,-0.63
2511 太子,-0.35,-0.42,3.1,1.87
2514 龍邦,4.43,2.76,5.4,2.98
2515 中工,2.5,0.45,2.8,1.63
2516 新建,4.47,3.91,11.82,13.26
2520 冠德,13.78,3.7,13.66,8.68
2524 京城,3.06,1.11,2.52,1.46
2527 宏璟,12.02,9.26,22.33,12.72
2528 皇普,-3.78,-0.77,4.62,5.37
2530 華建,6.6,1.84,4.76,-0.5
2534 宏盛,0.39,0.57,3.96,3.17
2535 達欣工,10.29,3.21,12.96,10.38
2536 宏普,0.16,-0.18,1.79,-2.59
2537 聯上發,3.67,0.54,-1.47,-1.41
2538 基泰,2.59,2.05,26.42,28.7
2539 櫻花建,3.95,3.35,17.6,9.94
2540 愛山林,11.24,5.85,19.99,10.09
2542 興富發,5.15,1.53,16.62,14.69
2543 皇昌,21.34,3.21,18.73,10.85
2545 皇翔,11.87,5.08,6.43,-0.39
2546 根基,9.2,3.36,24.54,16.8
2547 日勝生,-1.24,-0.66,-0.17,-1.05
2548 華固,1.21,-0.38,17.78,10.88
2597 潤弘,16.89,1.58,23.74,10.85
2601 益航,4.16,3.13,-21.34,-1.63
2603 長榮,14.38,6.83,7.45,10
2605 新興,12.78,7.09,3.3,7.91
2606 裕民,19.79,11.26,10.36,12.8
2607 榮運,10.18,4.98,11.21,10.7
2608 嘉里大榮,4.93,2.43,14.08,11.78
2609 陽明,9.99,4.61,1.61,3.11
2610 華航,8.5,3.91,8.76,8.68
2611 志信,13.34,9.02,18.04,9.89
2612 中航,13.2,5.61,3.16,7.25
2613 中櫃,2.5,0.82,3.29,1.52
2614 東森,3.6,0.97,-7.46,2.91
2615 萬海,12.2,5.54,-2.57,3.08
2616 山隆,-0.93,-0.58,5.99,3.14
2617 台航,12.44,3.29,7.42,7.67
2618 長榮航,9.34,2.85,21.93,15.2
2630 亞航,2.87,1.45,2.63,1.57
2633 台灣高鐵,5.28,2.91,11.28,7.36
2634 漢翔,8.5,4.93,13.83,12.61
2636 台驊控股,16.22,6.43,11.71,12
2637 慧洋-KY,13.68,7.32,5.99,10.73
2642 宅配通,0.58,-0.03,7.69,8.35
2645 長榮航太,8.39,4.38,14.75,13.47
2701 萬企,4.23,0.62,5.88,6.21
2702 華園,5.19,3.41,0.84,4.97
2704 國賓,64.23,61.2,39.37,38
2705 六福,-1.04,-0.04,-1.82,-3.21
2706 第一店,3.96,1.39,4.59,4.26
2707 晶華,17.53,11.36,31.18,24.61
2712 遠雄來,-7.1,-0.78,3.94,4.03
2722 夏都,0.86,0.36,5,4.76
2723 美食-KY,4.35,2.87,5.82,7.51
2727 王品,15.43,7.55,32.15,27.56
2731 雄獅,18.16,8.13,53.12,26.48
2739 寒舍,42.93,14.41,49.05,35.24
2748 雲品,6.77,5.42,12.04,8.05
2753 八方雲集,9.56,5.54,15.85,13.32
2762 世界健身-KY,7.99,3.03,14.21,10.15
2801 彰銀,6.1,3.29,13.89,10.12
2809 京城銀,7.7,4.6,19.28,11.74
2812 台中銀,5.07,3.1,12.06,7.82
2816 旺旺保,11.78,6.75,23.76,20.46
2820 華票,1.83,1.87,15.45,9.12
2832 台產,10.08,5.47,15.2,12.44
2834 臺企銀,5.82,2.72,15,10.86
2836 高雄銀,3.33,1.87,14.49,7.44
2838 聯邦銀,7.26,4.82,12.12,8.35
2845 遠東銀,4.62,2.77,9.78,7.82
2849 安泰銀,1.69,0.55,4.81,2.09
2850 新產,10.91,5.16,20.22,15.2
2851 中再保,12.52,8.09,11.41,7.16
2852 第一保,7.85,3.37,9.97,6.87
2855 統一證,10.83,5.74,9.39,8.05
2867 三商壽,15.12,11.21,17.56,20.45
2880 華南金,7.96,4.54,15.81,9.94
2881 富邦金,19.36,10.88,37.55,29.42
2882 國泰金,14.29,8.81,29.19,13.9
2883 開發金,15.67,10.02,22.83,11.9
2884 玉山金,7.89,3.62,11.67,8.25
2885 元大金,7.79,4.15,14.41,11.48
2886 兆豐金,7.42,4.47,16.23,11.6
2887 台新金,5.95,2.29,10.31,7.13
2888 新光金,9.38,6.05,14.71,8.29
2889 國票金,3.24,1.35,14.25,7.73
2890 永豐金,7.78,4.58,17.64,12.09
2891 中信金,10.45,5.83,21.64,15.43
2892 第一金,6.95,4.3,14.77,12.21
2897 王道銀行,3.89,3.2,11.18,8.01
2901 欣欣,1.79,0.97,3.37,2.5
2903 遠百,5.55,2.46,10.94,7.46
2904 匯僑,5.42,3,5.43,6.28
2905 三商,13.72,9.96,18.36,20.31
2906 高林,6.72,1.89,6.16,5.38
2908 特力,4.92,3.61,4.65,5.61
2910 統領,4.03,1.87,8.12,5.55
2911 麗嬰房,-20.03,-7.31,-45.58,-27.76
2912 統一超,19.69,9.51,27.33,24.49
2913 農林,-0.76,-0.35,-2.19,-1.21
2915 潤泰全,11.44,7.1,20.11,10.39
2923 鼎固-KY,2.82,3.01,-0.81,-0.49
2929 淘帝-KY,1.6,1.51,-4.22,-1.73
2939 永邑-KY,-8.23,3.01,-9.07,-3.49
2945 三商家購,2.61,1.45,4.4,2.75
3002 歐格,7.55,5.32,1.83,5.28
3003 健和興,5.61,2.65,8.52,7.36
3004 豐達科,9.3,5.23,13.93,10.45
3005 神基,14.61,8.9,17.24,16.56
3006 晶豪科,1.96,-0.52,-11.23,-5.57
3008 大立光,8,4.75,12.52,9.41
3010 華立,10.94,7.24,17.49,14.8
3011 今皓,9.32,-0.15,-14.93,-2.52
3013 晟銘電,8.41,2.87,7.39,6.02
3014 聯陽,12.35,5.55,33.88,28.18
3015 全漢,14.27,3.52,11.9,8.5
3016 嘉晶,3.86,0.83,3.35,2.34
3017 奇鋐,17.65,8.22,25.17,20.58
3018 隆銘綠能,65.16,-70.78,-78.49,-94.67
3019 亞光,10.5,5.72,6.59,9.2
3021 鴻名,7.16,4.36,7.69,7.8
3022 威強電,7.98,5.24,15.01,14.08
3023 信邦,15.3,7.8,21.49,19.45
3024 憶聲,3.28,1.84,1.5,3.04
3025 星通,8.96,4.14,24.05,13.62
3026 禾伸堂,4.42,2.38,6.51,6.84
3027 盛達,2.26,2.66,6.31,7.66
3028 增你強,8.52,4.36,9.8,11.6
3029 零壹,12,5.81,17.61,14.05
3030 德律,13.04,6.39,13.58,10.21
3031 佰鴻,4.68,2.57,7.3,8.69
3032 偉訓,13.48,6.5,16.59,15.11
3033 威健,9.57,4.68,8.57,9.28
3034 聯詠,16.61,7.01,36.39,29.24
3035 智原,5.82,2.83,22.78,17.18
3036 文曄,11.26,8.39,23.47,18.58
3037 欣興,6.71,4.4,12.46,10.86
3038 全台,10.71,5.95,21.7,19.89
3040 遠見,5.5,-1.28,11.21,8.66
3041 揚智,-11.71,-8.37,-69.83,-22.37
3042 晶技,12.26,6.91,12.81,11.76
3043 科風,35.89,42.68,-0.54,8.21
3044 健鼎,12.93,7.17,12.36,11.55
3045 台灣大,8.07,3.76,17.19,13.74
3046 建碁,10.37,5.26,18.46,14.57
3047 訊舟,4.36,-4.5,-6.46,-1.79
3048 益登,7.33,6.29,-0.2,5
3049 精金,-5.94,-3.18,-9.26,-5.74
3050 鈺德,2.72,2.45,3.26,4.01
3051 力特,6.43,3.98,8.68,5.85
3052 夆典,3.45,2.02,6.23,4.88
3054 立萬利,0.41,-3.56,2.34,0.58
3055 蔚華科,-4.65,-4.37,-0.74,-0.83
3056 富華新,-1.01,-0.7,4.24,4.89
3057 喬鼎,-3.92,0.22,-17.22,-6.07
3058 立德,-4.33,-1.07,5.86,5.93
3059 華晶科,6.56,4.51,3.26,5.61
3060 銘異,4.41,2.12,-11.4,-6.7
3062 建漢,1.6,0.52,-6.48,-4.25
3090 日電貿,9.99,6.29,12.07,10.87
3092 鴻碩,-0.44,0.89,-9.23,-2.78
3094 聯傑,1.1,0.61,4.87,4.79
3130 一零四,15.48,5.34,27.2,23.09
3138 耀登,5.4,2.99,11.98,11.82
3149 正達,-2.65,-0.28,-8.38,-4.05
3164 景岳,4.43,3.18,0.65,1.98
3167 大量,2.51,0.66,-1.1,-0.49
3168 眾福科,6.7,2.99,13.15,11.47
3189 景碩,2.5,1.37,2.75,1.15
3209 全科,10.35,4.79,12.59,12.52
3229 晟鈦,3.09,0.44,-4.03,-2.3
3231 緯創,14.67,8.39,15.36,15.72
3257 虹冠電,8.26,4.09,17.02,14.26
3266 昇陽,1.93,2.56,10.7,6.37
3296 勝德,3.6,2.58,-8.85,-5.87
3305 昇貿,6.6,3.37,4.36,5.93
3308 聯德,3.41,2.43,45.01,52.29
3311 閎暉,4.73,2.72,3.13,4.66
3312 弘憶股,11.59,6.28,11.37,12.17
3321 同泰,-9.82,-4.19,-45.01,-31.23
3338 泰碩,9.48,4.78,11.68,9.68
3346 麗清,5.63,2.38,8.7,6.56
3356 奇偶,21.54,12.26,14.87,12.4
3376 新日興,5.49,2.66,5.09,4.4
3380 明泰,4.9,2.34,4.54,5.62
3406 玉晶光,11.81,6.7,13.62,9.8
3413 京鼎,11.55,5.53,17.78,14.02
3416 融程電,9.44,4.93,19.03,17.15
3419 譁裕,-2.98,-1.81,-10.47,-2.93
3432 台端,-2.39,-0.42,-3.41,0.77
3437 榮創,1.53,-1.08,-3.27,-1.61
3443 創意,16.68,6.79,39.41,32.87
3447 展達,-2.69,-1.74,-5.47,4.04
3450 聯鈞,6.93,3.43,1.49,2.32
3454 晶睿,1.75,0.65,14.14,12.41
3481 群創,1.02,0.04,-8.4,-5.81
3494 誠研,-13.25,-10,-38.02,-22.54
3501 維熹,8.21,4.9,6.43,6.7
3504 揚明光,-8.75,-6.96,-9.71,-5.65
3515 華擎,10.52,6.02,10.96,9.18
3518 柏騰,-5.79,-2.56,-4.97,-0.17
3528 安馳,7.68,2.67,5.94,4.2
3530 晶相光,-0.68,-0.44,-11.48,-7.47
3532 台勝科,2.86,1.53,13.72,11.27
3533 嘉澤,15.79,8.53,20.08,17.24
3535 晶彩科,8.74,-0.77,-2.92,1.47
3543 州巧,1.68,1.79,0.69,3.95
3545 敦泰,4.39,2.72,3.5,4.5
3550 聯穎,8.06,5.99,-23.62,-4.25
3557 嘉威,18.18,14.59,15.3,14.33
3563 牧德,2.32,0.64,10.05,10.48
3576 聯合再生,-7.24,-1.3,-23.76,-8.65
3583 辛耘,16.1,9.04,18.72,15.25
3588 通嘉,3.8,0.97,1.36,-0.34
3591 艾笛森,5.05,2.94,0.63,2.5
3592 瑞鼎,9.83,4.78,11.52,8.05
3593 力銘,-1.89,-0.03,-13.87,-9.5
3596 智易,9.12,5.03,16.59,13.28
3605 宏致,3.97,2.19,-5.77,-2.04
3607 谷崧,2.24,-0.89,-3.75,-1.93
3617 碩天,16.5,8.57,23.25,21.03
3622 洋華,10.67,4.51,20.04,15.64
3645 達邁,4.98,0.91,-5.32,-2.23
3652 精聯,2.52,0.85,2.22,2.82
3653 健策,14.83,6.93,20.21,16.82
3661 世芯-KY,16.01,8.37,21.27,19.4
3665 貿聯-KY,9.02,4.02,10.28,8.62
3669 圓展,11.09,5.7,17.85,11.49
3673 TPK-KY,6.49,4.21,-0.48,4.29
3679 新至陞,12.65,7.69,9.33,10.69
3686 達能,-0.32,0.06,-4.08,-3.04
3694 海華,10.8,5.4,11.27,13.68
3701 大眾控,4.62,3.07,8.4,10.61
3702 大聯大,11.18,7.36,12.12,12.65
3703 欣陸,5.34,2.1,9.03,6.34
3704 合勤控,2.27,0.9,12.89,10.4
3705 永信,8.3,4.19,10.76,8.39
3706 神達,1.31,-0.31,3.21,-1.8
3708 上緯投控,4.78,3.12,14.3,16.19
3711 日月光投控,8.46,4.98,10.79,10.36
3712 永崴投控,12.97,2.05,7.02,3.3
3714 富采,-2.63,-1.73,-14.35,-4.84
3715 定穎投控,12.57,6.88,14.75,13.8
3716 中化控股,,,,
4104 佳醫,5.04,3.1,11.71,11.18
4106 雃博,4.7,3.21,8.72,7.98
4108 懷特,0.17,1.66,-0.39,-0.46
4119 旭富,1.96,0.82,11.38,12.94
4133 亞諾法,3.84,2.37,3.32,2.87
4137 麗豐-KY,8.93,4.22,19.16,17.74
4142 國光生,-8.69,-3.21,-12.41,-4.65
4148 全宇生技-KY,4.38,2.6,2.81,4.69
4155 訊映,3.59,1.71,-0.97,0.64
4164 承業醫,0.74,0.22,6.48,3.65
4190 佐登-KY,-5.93,-3.15,-2.12,0.53
4306 炎洲,10.92,5.04,9.94,7.99
4414 如興,-1.37,-1.67,-11.58,-10.45
4426 利勤,-2.44,-0.07,-1.46,1.62
4438 廣越,3.98,1.21,8.23,12
4439 冠星-KY,8.1,5.7,12,16.15
4440 宜新實業,5.3,2.71,3.29,1.71
4526 東台,-0.67,-0.51,2.24,1.26
4532 瑞智,10.56,6.48,5.8,7.62
4536 拓凱,12.45,6.81,17.34,16.5
4540 全球傳動,-8.22,-5.16,-3.16,1.1
4545 銘鈺,8.15,3.44,4.28,6.1
4551 智伸科,7.06,4.45,5.37,6.94
4552 力達-KY,4.18,2.41,4.93,4.73
4555 氣立,2.23,1.22,-2.42,-0.01
4557 永新-KY,14.34,7.78,15.2,16.26
4560 強信-KY,5.96,2.87,2.27,3.27
4562 穎漢,-1.6,-1.16,-6.65,-2.23
4564 元翎,-4.81,-2.52,-8.63,-5.73
4566 時碩工業,6.37,4.27,6.33,7.75
4569 六方科-KY,4.99,2.41,4.3,3.93
4571 鈞興-KY,12.15,6.2,8.38,8.29
4572 駐龍,8.35,4.33,13.39,11.08
4576 大銀微系統,0.75,0.14,0.83,0.57
4581 光隆精密-KY,11.09,5.51,18.74,16.57
4583 台灣精銳,6.72,3.82,8.89,7.72
4588 玖鼎電力,11.21,3.42,27.39,22.19
4720 德淵,8.06,5.06,4.37,6.24
4722 國精化,5,2.54,5.65,4.61
4736 泰博,7.15,4.28,11.16,9.5
4737 華廣,0.78,1.77,1.28,0.08
4739 康普,2.46,1.24,-1.32,-0.69
4746 台耀,1.11,-1.38,-0.65,-2.41
4755 三福化,5.91,3.16,9.18,7.15
4763 材料-KY,34.45,20.11,72.78,54.32
4764 雙鍵,0.13,-0.11,-5.76,-2.97
4766 南寶,13.48,6.47,-0.38,-1.9
4770 上品,13.12,7.6,23.08,18.88
4771 望隼,15.16,7.88,31.35,23.24
4807 日成-KY,-8.58,-5.75,-16.77,-18.72
4904 遠傳,6.85,3.18,13.5,13.2
4906 正文,3.81,0.69,-0.5,3.43
4912 聯德控股-KY,9.89,5.52,6.54,6.78
4915 致伸,11.39,6.08,12.54,13.44
4916 事欣科,0.89,4.14,5.18,12.2
4919 新唐,-0.19,2.36,11.54,7.82
4927 泰鼎-KY,-11.63,-6.66,-9.58,-7.15
4930 燦星網,7.76,4.9,8.4,10.08
4934 太極,-5.96,-3.31,-9.28,4.72
4935 茂林-KY,6.53,4.02,3.5,5.73
4938 和碩,9.07,5.05,8.22,9.27
4942 嘉彰,8.08,5.07,6.31,8.4
4943 康控-KY,-30.18,6.29,-217.05,-429.96
4949 有成精密,-6.86,-2.68,12.47,11.8
4952 凌通,9.12,3.33,6.85,6.67
4956 光鋐,-0.61,-0.74,-7.76,-3.43
4958 臻鼎-KY,6.21,4.7,6.12,5.51
4960 誠美材,-0.11,0.43,-6.21,-3.33
4961 天鈺,6.66,2.81,10.43,8.24
4967 十銓,14.66,11.94,10.9,1.46
4968 立積,4.67,1.32,-9.77,-8.15
4976 佳凌,0.64,0.28,-9.96,-4.6
4977 眾達-KY,3.52,3.15,8.42,10.71
4989 榮科,0.67,0.03,-4.76,-2.55
4994 傳奇,14.93,11.02,11.64,11.22
4999 鑫禾,2.19,1.08,-0.44,1
5007 三星,8.61,4.27,13.9,10.78
5203 訊連,6.29,3.94,4.5,6.64
5215 科嘉-KY,7.5,4.18,3.87,6.06
5222 全訊,13.25,5.59,20.24,14.63
5225 東科-KY,19.4,9.89,20.12,20.24
5234 達興材料,8.44,3.82,17.25,13.88
5243 乙盛-KY,5.85,6.42,10.72,13
5244 弘凱,6.04,3.43,8.82,6.99
5258 虹堡,10.03,5.7,27.65,22.27
5269 祥碩,11.95,9.3,25.66,18.75
5283 禾聯碩,4.01,-0.88,13.58,11.23
5284 jpp-KY,-3.7,-4.41,18.95,16.57
5285 界霖,6.68,2.87,3.69,4.24
5288 豐祥-KY,14.73,8.94,20.57,19.07
5292 華懋,12.18,6.35,25.4,21.32
5306 桂盟,8.18,4.09,8.51,8.81
5388 中磊,10.52,6.71,20.02,17.67
5434 崇越,14.27,7.08,19.87,15.36
5469 瀚宇博,9.07,4.3,15.63,15.32
5471 松翰,3.23,2.27,10.6,10.64
5484 慧友,-3.1,-2.73,-7.19,-2.91
5515 建國,9.67,6.18,7.53,8.48
5519 隆大,6.95,5.02,15.38,5.78
5521 工信,-1.39,-1.65,2.17,1.35
5522 遠雄,3.43,1.04,8.19,3.82
5525 順天,4.44,-0.71,13.61,13.92
5531 鄉林,-5.5,-1.35,-4.11,-0.8
5533 皇鼎,0.78,0.46,9.6,8.61
5534 長虹,2.35,0.43,9.18,2.48
5538 東明-KY,7.49,3.51,0.12,3.83
5546 永固-KY,3.07,2.47,-16.89,-9.66
5607 遠雄港,3.31,1.57,9.9,9.89
5608 四維航,4.67,2.91,-5.95,-0.31
5706 鳳凰,18.43,6.78,19.24,12.89
5871 中租-KY,9.22,4.74,15.51,13.4
5876 上海商銀,7.15,5.41,11.51,11.95
5880 合庫金,5.77,2.84,13.8,9.24
5906 台南-KY,24.35,5.6,21.93,14.62
5907 大洋-KY,1.34,1.22,-35.41,-7.83
6005 群益證,6.41,3.44,14.13,10.69
6024 群益期,9.36,4.34,14.73,12.13
6108 競國,3.27,2.26,0.74,4.16
6112 邁達特,4.5,4.23,11,10.34
6115 鎰勝,9.86,4.5,8.83,9.44
6116 彩晶,-6.42,-3.16,-12.63,-8.6
6117 迎廣,15.36,9.04,6.9,1.82
6120 達運,1.28,0.38,-0.04,-1.25
6128 上福,8.6,6.02,11.29,12
6133 金橋,6.06,1.47,-4.25,-0.85
6136 富爾特,7.06,11.39,33.17,18.92
6139 亞翔,18.61,9.05,25.43,18.03
6141 柏承,-29.9,-15.31,-22.01,-10.39
6142 友勁,-1.72,-2.21,-0.33,0.76
6152 百一,2.31,-2.51,-2.31,-1.65
6153 嘉聯益,-6.74,-2.67,-19.92,-14.82
6155 鈞寶,8.18,2.67,6.02,7.14
6164 華興,4.54,2.66,-4.2,-1.26
6165 浪凡,2.64,1.21,2.01,-1.76
6166 凌華,-1.44,0.03,5.31,5.31
6168 宏齊,2.4,1.68,6.68,5.24
6176 瑞儀,13.01,7.12,14.73,15.13
6177 達麗,5.19,0.98,24.86,8.05
6183 關貿,9.79,4.75,19.59,17.32
6184 大豐電,5.66,2.87,11.71,9.11
6189 豐藝,15.67,8.46,16.31,16.04
6191 精成科,11.76,6.08,19.64,19.43
6192 巨路,8.42,4.67,12.19,10.68
6196 帆宣,8.36,4.84,19.83,18.52
6197 佳必琪,23.71,11.03,21.23,17.53
6201 亞弘電,7.18,2.97,14.2,11.92
6202 盛群,-7.18,-6.26,6.04,5.54
6205 詮欣,7.05,3.98,9.05,9.03
6206 飛捷,10.96,5.03,10,7.11
6209 今國光,1.04,0.92,-2.22,1.07
6213 聯茂,7.01,4.98,2.05,3.62
6214 精誠,10.32,5.91,9.93,9.73
6215 和椿,0.65,-0.85,13.44,10.61
6216 居易,9.81,3.93,7.27,7.71
6224 聚鼎,2.95,1.76,-1.74,2.11
6225 天瀚,-9.86,1.31,9.59,-0.99
6226 光鼎,-0.37,1.77,-6.14,-3.16
6230 尼得科超眾,4.57,3,8.46,9.73
6235 華孚,14.71,8.99,20.86,19.73
6239 力成,6.64,3.25,13.83,7.93
6243 迅杰,4.55,2.95,8.24,9.98
6257 矽格,11.4,6.88,13.6,11.83
6269 台郡,2.57,1.8,7.19,6.63
6271 同欣電,3.61,1.77,4.77,3.09
6277 宏正,4.62,2.41,11.71,9.01
6278 台表科,13.71,8.42,11.43,13.91
6281 全國電,9.3,4.22,18.09,15.43
6282 康舒,1.8,0.86,0.25,2.84
6283 淳安,2.77,2.15,-10.91,-2.88
6285 啟碁,8.15,5.64,22.29,22.4
6288 聯嘉,3.72,2.56,0.03,1.48
6405 悅城,-0.69,-0.55,-3.14,-1.34
6409 旭隼,30.27,11.74,41.59,35.63
6412 群電,13.93,6.6,23.97,18.27
6414 樺漢,7.49,4.35,12.66,11.73
6415 矽力*-KY,6.98,4.26,0.78,4.39
6416 瑞祺電通,4.6,2.02,8.63,7.67
6426 統新,-6.15,-3.02,-8.81,-6.69
6431 光麗-KY,-11.77,-4.39,-18.66,-10.52
6438 迅得,7.18,3.79,16.76,14.26
6442 光聖,16.83,6.41,9.78,7.98
6443 元晶,0.69,0.29,7.64,6.31
6446 藥華藥,5.02,1.61,-2.8,-2.89
6449 鈺邦,20.76,7.89,13.96,14.77
6451 訊芯-KY,6.2,4.25,3.31,7.05
6456 GIS-KY,1.98,1.66,-11.26,-7.17
6464 台數科,6.11,2.87,6.32,8.59
6472 保瑞,17.36,6.96,36.75,39.62
6477 安集,-0.27,-0.82,5.39,6.55
6491 晶碩,9.93,5.36,20.19,13.8
6504 南六,5.3,4.49,2.08,4.86
6505 台塑化,2.9,1.07,10.42,8.81
6515 穎崴,11.82,6.01,12.78,11.46
6525 捷敏-KY,11.22,6.29,12.27,11.96
6526 達發,7.81,2.91,7.25,9.96
6531 愛普*,6.67,3.39,12.98,9.84
6533 晶心科,-2.56,-0.96,-2.09,0.27
6541 泰福-KY,-66.91,-66.16,-190.2,-112.57
6550 北極星藥業-KY,-8.57,-1.98,-19.14,-8.43
6552 易華電,13,4.51,5.54,4.32
6558 興能高,2.3,2.17,-3.81,0.45
6573 虹揚-KY,-14.67,-5.59,-30.3,-16.95
6579 研揚,7.33,4.53,11.49,10.84
6581 鋼聯,10.16,3.31,11.97,7.61
6582 申豐,5.03,1.34,1.04,1.13
6585 鼎基,12.4,6.01,13.33,9.61
6591 動力-KY,6.2,4.45,5.44,7.04
6592 和潤企業,5.28,2.54,10.46,8.37
6598 ABC-KY,-13,-6.09,-21.75,-16.11
6605 帝寶,9.56,4.96,14.03,10.35
6606 建德工業,17.05,8.78,6.9,7.75
6625 必應,13.52,5.41,41.3,30.83
6641 基士德-KY,4.61,2.81,0.74,0.41
6655 科定,8.58,3.35,12.34,9.2
6657 華安,-11.96,-5.43,-37.02,-27.05
6658 聯策,4.15,2.53,4.8,5.08
6666 羅麗芬-KY,6.85,3.37,3.59,5.66
6668 中揚光,-3.42,-1.01,-16.35,-12.67
6669 緯穎,25.51,13.87,30.03,26.05
6670 復盛應用,15.52,8.67,18.64,14.56
6671 三能-KY,7.61,3.9,8.78,7.66
6672 騰輝電子-KY,10.79,6.05,11.82,12.45
6674 鋐寶科技,-5.69,-3.6,-24.45,-14.73
6689 伊雲谷,3.67,2.27,8.12,8.78
6691 洋基工程,16.24,7.9,32.54,27.13
6695 芯鼎,-3.29,-1.06,-3.22,-0.22
6698 旭暉應材,-1.15,-0.25,-2.01,-0.77
6706 惠特,-3.6,-1.53,-8.5,-3.35
6715 嘉基,5.85,3.06,12.55,10.89
6719 力智,1.67,1.18,0.45,0.44
6742 澤米,1.13,0.42,2.09,3.4
6743 安普新,3.95,-0.09,-2.37,-0.08
6753 龍德造船,14.58,8.07,23.53,14.27
6754 匯僑設計,11.4,3.72,12.34,9.51
6756 威鋒電子,4.25,2.62,5.94,6.37
6768 志強-KY,8.51,5.22,3.11,6.09
6770 力積電,-2.58,-0.47,-1.65,0.49
6776 展碁國際,7.61,4.14,17.08,13.08
6781 AES-KY,10.75,6.28,14.36,14.59
6782 視陽,12.02,5.84,7.23,5.96
6789 采鈺,3.61,1.09,2.12,1.93
6790 永豐實,10.89,6.5,16.87,13.61
6792 詠業,3.78,1.97,15.74,12.51
6796 晉弘,-0.66,-1.24,10.21,8.18
6799 來頡,4.82,2.95,16.45,12.3
6805 富世達,11.8,6.01,16.81,18.42
6806 森崴能源,2.4,1.39,4.51,2.83
6807 峰源-KY,11.62,5.97,11.23,8.99
6830 汎銓,1.89,0.06,9.73,7.5
6834 天二科技,2.64,0.44,-6.56,-3.79
6835 圓裕,8.83,4.58,14.02,10.95
6838 台新藥,-15.33,-3.15,-41.51,-36.24
6861 睿生光電,6.19,1.82,10.01,10.17
6863 永道-KY,12.23,7.17,8.01,8.98
6869 雲豹能源,2.55,-0.37,28.97,25.95
6890 來億-KY,10.73,6.19,6.74,7.6
6901 鑽石投資,-7.59,-6.48,-21.61,-23.4
6906 現觀科,3.89,2.69,20.92,11.54
6914 阜爾運通,8.58,5.66,26.28,20.32
6916 華凌,1.85,1.37,6.72,9.36
6928 攸泰科技,-0.66,1.83,20.44,18.11
6933 AMAX-KY,9,6.84,13.8,17.26
6937 天虹,6.1,3.04,12.17,8.76
6952 大武山,3.66,3.12,6.01,2.05
6957 裕慶-KY,17.73,16.73,60.41,
6958 日盛台駿,4.43,2.02,4.64,5.31
8011 台通,3.73,1.64,1.05,0.88
8016 矽創,10.86,5.62,17.92,13.71
8021 尖點,4.97,3.21,-1.89,-0.31
8028 昇陽半導體,4.31,1.59,9.06,10.33
8033 雷虎,7.34,2.84,-1.53,0.44
8039 台虹,10.8,2.55,6.55,6.44
8046 南電,1.78,1.19,11.45,10.49
8070 長華*,18.73,14.88,33.25,26.1
8072 陞泰,2.77,1.39,3.1,3.03
8081 致新,8.23,2.94,26.25,23.48
8101 華冠,-149.72,-66.87,-106.88,-82.07
8103 瀚荃,8.72,4.83,5.15,6.86
8104 錸寶,2.12,1.48,-9.17,-7.41
8105 凌巨,0.38,1.12,2.87,3.28
8110 華東,1.31,0.15,4.69,2.58
8112 至上,11.15,5.72,14.42,12.53
8114 振樺電,13.11,5.39,11.35,13.42
8131 福懋科,1.68,0.54,4.53,3.6
8150 南茂,3.94,1.71,6.9,5.42
8163 達方,1.52,2.06,19.16,19.71
8201 無敵,-5.81,-3.2,-13.48,-8.7
8210 勤誠,16.98,8.04,21.16,13.23
8213 志超,5.65,3.23,5.24,5.28
8215 明基材,2.25,1.18,6.37,6.55
8222 寶一,6.46,3.55,7.5,7.7
8249 菱光,8.85,11.76,33.62,38.59
8261 富鼎,3.94,1.41,6.34,4.92
8271 宇瞻,5.36,2.97,13.67,10.38
8341 日友,5.31,2.25,8.6,7.3
8367 建新國際,5.6,1.79,8.62,5.43
8374 羅昇,1.33,0.66,-0.82,0.1
8404 百和興業-KY,6.53,3.47,-14.51,-8.83
8411 福貞-KY,2.89,1.67,-1.69,-0.56
8422 可寧衛,7.92,3.62,14.59,11.38
8429 金麗-KY,2.41,1.54,-2.23,-0.42
8438 昶昕,5.33,1.99,4.71,3.53
8442 威宏-KY,15.75,7.94,21.92,22.39
8443 阿瘦,-1.67,1.27,2.06,1.8
8454 富邦媒,19.35,9.92,36.19,26.1
8462 柏文,7.86,2.69,6.86,3.44
8463 潤泰材,6.43,1.41,7.98,3.78
8464 億豐,15.18,8.49,25.47,21.49
8466 美吉吉-KY,7.2,3.72,-4.37,0.66
8467 波力-KY,13.11,5.41,17.33,12.96
8473 山林水,3.6,2.39,2.93,2.01
8476 台境,11.57,2.25,21.61,21.45
8478 東哥遊艇,23.61,12.88,38.94,35.42
8481 政伸,7.93,4.11,7.27,8.4
8482 商億-KY,11.74,6.39,7.49,12.1
8488 吉源-KY,3,3.23,-6.53,-1.34
8499 鼎炫-KY,6.86,5.07,3.49,6
8926 台汽電,4.78,2.04,9.06,7.89
8940 新天地,-1.71,10.28,15.8,6.78
8996 高力,10.53,4.71,23.34,23.28
9103 美德醫療-DR,-4.24,,-15.58,
910322 康師傅-DR,13.32,,20.7,
9105 泰金寶-DR,2.21,1.34,6.37,5.04
910861 神州-DR,,,-14.93,
9110 越南控-DR,-9.99,-5.89,0.5,3.61
911608 明輝-DR,0.99,,4.65,
911622 泰聚亨-DR,-2.28,-0.53,1.4,1.89
911868 同方友友-DR,1.14,,2.36,
912000 晨訊科-DR,,,21.86,
9136 巨騰-DR,-4.8,,-9.06,
9802 鈺齊-KY,7.95,4.84,9.64,12.6
9902 台火,4.7,2.97,2.55,1.62
9904 寶成,10.52,7.14,14.15,11.85
9905 大華,5.72,3.05,5.35,5.39
9906 欣巴巴,-0.26,-3.12,36.53,37.81
9907 統一實,6.12,3,0.55,2.83
9908 大台北,5.35,2.37,12.08,9.49
9910 豐泰,17.74,9.16,20.79,19.87
9911 櫻花,13.29,8,19.11,14.13
9912 偉聯,-5.73,-3.82,-11.68,-5.2
9914 美利達,9.81,5.39,9.08,14.03
9917 中保科,11.5,4.8,20.83,16.36
9918 欣天然,9.07,5.76,11.62,9.07
9919 康那香,-3.43,-1.4,22.82,28.34
9921 巨大,7.18,3.08,9.62,9.91
9924 福興,7.82,3.67,12.89,10.38
9925 新保,7.85,1.72,13.17,9.45
9926 新海,11.31,5.56,19.64,17.69
9927 泰銘,10.36,5.87,15.44,14.05
9928 中視,-0.2,0.16,5.38,-7.34
9929 秋雨,3.45,-0.68,-10.05,8.93
9930 中聯資源,9,4.22,12.81,9.72
9931 欣高,11.44,5.02,12.69,8.57
9933 中鼎,8.28,3.78,11.59,9.48
9934 成霖,13.55,6.8,11.72,12.44
9935 慶豐富,10.88,6.8,3.3,6.05
9937 全國,7.54,3.43,15.56,11.76
9938 百和,8.35,4.72,1.26,2.94
9939 宏全,12.47,8.63,14.28,17.01
9940 信義,12.97,6.34,12.12,12.38
9941 裕融,8.41,4.47,16.44,15.23
9942 茂順,10.36,5.44,25.79,21.58
9943 好樂迪,9.47,5.86,20,16.89
9944 新麗,6.83,7.06,4.33,7.73
9945 潤泰新,14.49,9.41,21.24,11.1
9946 三發地產,5.9,2.4,2.52,0.99
9955 佳龍,-4.14,-2.28,-6.17,-3.94
9958 世紀鋼,12.21,8.33,11.65,6.09
